item_id,data_type,lab,pred
20027,train,irt_a,0.11139039695262909
22797,train,irt_a,0.09427811205387115
26465,train,irt_a,0.08915160596370697
29179,train,irt_a,0.14886583387851715
29183,evaluation,irt_a,0.14252512156963348
29203,train,irt_a,0.0894496887922287
20027,train,irt_d,0.09530261158943176
22797,train,irt_d,0.07628805190324783
26465,train,irt_d,0.07157327234745026
29179,train,irt_d,0.1400587409734726
29183,evaluation,irt_d,0.13232223689556122
29203,train,irt_d,0.06947935372591019
