item_id,data_type,lab,pred
20027,train,irt_a,-0.0510491281747818
22797,train,irt_a,-0.07050741463899612
26465,train,irt_a,-0.07001087069511414
29179,train,irt_a,-0.0019961076322942972
29183,evaluation,irt_a,-0.014083107933402061
20027,train,irt_d,-0.061236970126628876
22797,train,irt_d,-0.08122604340314865
26465,train,irt_d,-0.08070216327905655
29179,train,irt_d,-0.007374954875558615
29183,evaluation,irt_d,-0.020599214360117912
