eval_loss,eval_runtime,eval_samples_per_second,eval_steps_per_second,epoch,step,train_runtime,train_samples_per_second,train_steps_per_second,total_flos,train_loss,lab
0.06332632899284363,0.0469,21.333,21.333,1.0,1,,,,,,irt_a
0.06277685612440109,0.0312,32.003,32.003,2.0,2,,,,,,irt_a
,,,,2.0,2,3.206,2.495,0.624,4878094679760.0,0.1727050244808197,irt_a
0.005484198220074177,0.0349,28.669,28.669,1.0,1,,,,,,irt_d
0.005627070553600788,0.0404,24.764,24.764,2.0,2,,,,,,irt_d
,,,,2.0,2,0.9801,8.162,2.041,4878094679760.0,0.434859037399292,irt_d
